NAME,SERVICE,DATE,RATING,SOURCE,FEATURED,REVIEW TEXT (EN),REVIEW TEXT (HY),REVIEW TEXT (RU),AVATAR URL,NOTES
Sarah Mitchell,Porcelain Veneers,May 2026,5,Google,TRUE,Absolutely incredible experience. Dr. Kovalenko transformed my smile with veneers and I couldn't be happier. The whole team was warm professional and made me feel at ease from the very first consultation.,,,https://images.unsplash.com/photo-1494790108377-be9c29b29330?w=80&h=80&fit=crop&auto=format,
James Thornton,Dental Implants,April 2026,5,Google,FALSE,I was terrified of dental procedures but the team here made me feel completely at ease. My implants look and feel completely natural. The follow-up care was exceptional.,,,https://images.unsplash.com/photo-1507003211169-0a1dd7228f2d?w=80&h=80&fit=crop&auto=format,
Elena Vasquez,Teeth Whitening,April 2026,5,Yelp,FALSE,Best dental clinic I've ever visited. Modern equipment kind staff and results that exceeded my expectations. My teeth are 8 shades brighter!,,,https://images.unsplash.com/photo-1438761681033-6461ffad8d80?w=80&h=80&fit=crop&auto=format,
Michael O'Brien,Invisalign,March 2026,5,Google,FALSE,Dr. Reid is an Invisalign wizard. 14 months of treatment and my teeth are perfectly straight. The digital scanning was a game changer — zero pain zero surprises.,,,https://images.unsplash.com/photo-1472099645785-5658abf4ff4e?w=80&h=80&fit=crop&auto=format,
Priya Nair,Smile Makeover,March 2026,5,Google,FALSE,I had a complete smile makeover with Dr. Marchetti. The results are so natural-looking. People keep complimenting my smile. Pure artistry.,,,https://images.unsplash.com/photo-1534528741775-53994a69daeb?w=80&h=80&fit=crop&auto=format,
David Kowalski,Root Canal,February 2026,5,Healthgrades,FALSE,I know root canals have a bad reputation but Dr. Okonkwo made it completely painless. I barely felt a thing and was back to normal within 24 hours.,,,https://images.unsplash.com/photo-1500648767791-00dcc994a43e?w=80&h=80&fit=crop&auto=format,
Lisa Park,Pediatric Dentistry,February 2026,5,Google,FALSE,My 6-year-old used to cry at every dentist visit. After one appointment with Dr. Chen she actually asks when she can go back! Remarkable.,,,https://images.unsplash.com/photo-1580489944761-15a19d654956?w=80&h=80&fit=crop&auto=format,
Roberto Esposito,Periodontal Treatment,January 2026,5,Google,FALSE,Dr. Brooks diagnosed and treated my gum disease with remarkable precision. My gums are healthier now than they've been in years.,,,https://images.unsplash.com/photo-1463453091185-61582044d556?w=80&h=80&fit=crop&auto=format,
Amanda Foster,General Check-up,January 2026,4,Yelp,FALSE,Very thorough annual check-up. Digital X-rays and intraoral camera meant I could see exactly what the dentist was talking about. Quality of care is excellent.,,,https://images.unsplash.com/photo-1517841905240-472988babdf9?w=80&h=80&fit=crop&auto=format,
